will covid stay and last forever,Speculation on the impact of COVID-19 .
will covid ever go away,Speculation on the impact of COVID-19 .
was covid predicted,Speculation on the impact of COVID-19 .
when covid will be over,Speculation on the impact of COVID-19 .
will covid be gone this year,Speculation on the impact of COVID-19 .
when will the covid virus end,Speculation on the impact of COVID-19 .
will covid be a problem next year,Speculation on the impact of COVID-19 .
will all jobs come back fast once the covid pandemic is over,Speculation on the impact of COVID-19 .
how long will we have to keep social distancing,Speculation on the impact of COVID-19 .
will covid end soon,Speculation on the impact of COVID-19 .
will covid come back,Speculation on the impact of COVID-19 .
will covid go away in spring,Speculation on the impact of COVID-19 .
when will covid end and covid 20 start,Speculation on the impact of COVID-19 .
will there be a second wave of the covid infection,Speculation on the impact of COVID-19 .
is covid likely to be at pandemic proportions for two years,Speculation on the impact of COVID-19 .
what is the official end date to covid,Speculation on the impact of COVID-19 .
what would happen if we just let covid run its course and not practice social distancing,Speculation on the impact of COVID-19 .
will covid be gone by summer,Speculation on the impact of COVID-19 .
when covid end,Speculation on the impact of COVID-19 .
will covid die out,Speculation on the impact of COVID-19 .
can covid live on hair,How covid spread ?
do people who recovered from covid infection develop resistance against subsequent infections,How covid spread ?
are pets from a shelter safe to adopt,How covid spread ?
is it safe to do grocery shopping in costco amidst covid,How covid spread ?
can i go to the supermarket,How covid spread ?
can someone who has had covid spread the illness to others,How covid spread ?
can covid survive cold,How covid spread ?
is it possible to spread the covid after recovering from it,How covid spread ?
has anyone gotten covid twice (re infected),How covid spread ?
am i at risk for serious complications from covid if i smoke cigarettes,How covid spread ?
why covid is contagious,How covid spread ?
after recovering from covid does a person have long term immunity to the virus,How covid spread ?
can i get covid from a package sent from china,How covid spread ?
can covid be transmitted through food,How covid spread ?
can covid live in the freezer,How covid spread ?
can household pets become infected with covid and then transmit it to other pets and human beings,How covid spread ?
why exposure risk of covid is very high for icu staff and what precautions should be taken,How covid spread ?
is covid seasonal,How covid spread ?
can covid spread through food,How covid spread ?
for whom does the covid pose a great threat,How covid spread ?
what is the proper capitalization for covid,Nomenclature about covid virus ?
what covid stands for,Nomenclature about covid virus ?
what is the acronym covid,Nomenclature about covid virus ?
why is covid called a novel virus,Nomenclature about covid virus ?
who covid pandemic,Nomenclature about covid virus ?
in covid what is the meaning of 19 here,Nomenclature about covid virus ?
should covid be capitalized,Nomenclature about covid virus ?
should covid be all caps,Nomenclature about covid virus ?
what is covid disease 2019,Nomenclature about covid virus ?
what covid stand for,Nomenclature about covid virus ?
what is covid virus,Nomenclature about covid virus ?
why covid name,Nomenclature about covid virus ?
how covid got its name,Nomenclature about covid virus ?
what is covid stand for,Nomenclature about covid virus ?
what are covids,Nomenclature about covid virus ?
what will be the breaking point that will declare covid a pandemic,Nomenclature about covid virus ?
what is the genus of the sars covid,Nomenclature about covid virus ?
where does the word covid come from,Nomenclature about covid virus ?
shouldnt covid be declared as a pandemic,Nomenclature about covid virus ?
why covid called covid,Nomenclature about covid virus ?
have covid deaths peaked,Tell me some report of covid virus .
did covid peak,Tell me some report of covid virus .
why are the world politicians underestimating covid,Tell me some report of covid virus .
is the media hiding what is really going on in us hospitals amidst covid,Tell me some report of covid virus .
what are some rumors related to covid,Tell me some report of covid virus .
who covid mortality rate,Tell me some report of covid virus .
are covid cases going down,Tell me some report of covid virus .
are covid cases decreasing,Tell me some report of covid virus .
do you think the statistics on covid cases are underestimated,Tell me some report of covid virus .
are covid numbers going down,Tell me some report of covid virus .
is it true that covid is steadily declining,Tell me some report of covid virus .
do you think they will make a movie about covid,Tell me some report of covid virus .
can we expect new movies after covid,Tell me some report of covid virus .
what is the number of victims worldwide due to covid,Tell me some report of covid virus .
when was the first case of covid identified,Tell me some report of covid virus .
which covid model is best,Tell me some report of covid virus .
can someone contract covid and not die,Tell me some report of covid virus .
how effective is the measure of social distancing in the fight against covid,Tell me some report of covid virus .
does china give correct information to other countries on covid,Tell me some report of covid virus .
where and when was covid first identified,Tell me some report of covid virus .
what are the safety measures taken globally to prevent covid,Some response from the societies
are you panicking over the covid,Some response from the societies
why does the usa have more confirmed covid cases than china,Some response from the societies
since covid came out has it scared you,Some response from the societies
is trump managing well on covid,Some response from the societies
what is china doing to stop the spread of covid,Some response from the societies
why are people more concerned with going back to work than staying home until the covid virus improves,Some response from the societies
is covid a hoax,Some response from the societies
how scared are you about covid,Some response from the societies
is the fear around the covid overblown justified or too early to say,Some response from the societies
what is cdc doing about covid,Some response from the societies
what are the various steps countries are taking to contain the covid,Some response from the societies
how concerned are you about the covid that causes covid,Some response from the societies
why is the usa so ill equipped to deal with covid when its supposedly the most advanced nation on earth,Some response from the societies
what do you think of trumps idea to inject disinfectant into your body as a cure for covid,Some response from the societies
why has trump stated that injecting disinfectant will kill covid in a minute,Some response from the societies
what should health care providers laboratories and health departments do,Some response from the societies
is covid that bad,Some response from the societies
why is the us so far behind other countries with testing,Some response from the societies
do you think the covid outbreak is really serious,Some response from the societies
what are you now avoiding as a result of the covid outbreak,How is the covid affect societies ?
how is the new covid disease going to affect the world,How is the covid affect societies ?
how has covid affected your job or career so far,How is the covid affect societies ?
how has covid impacted you so far,How is the covid affect societies ?
how can i prepare in case my childs school child care facility or university is dismissed,How is the covid affect societies ?
why doesnt china apologize for causing covid,How is the covid affect societies ?
have your views towards china changed after the burst of covid,How is the covid affect societies ?
could covid create world war like conditions,How is the covid affect societies ?
how will covid affect our generation,How is the covid affect societies ?
what would happen if trump tests positive for covid,How is the covid affect societies ?
will covid end the world,How is the covid affect societies ?
what happens if lockdown cant prevent from covid for a whole year especially that there is no vaccine and cure,How is the covid affect societies ?
what would be the aftermath of the covid outbreak,How is the covid affect societies ?
how is life before covid and after covid,How is the covid affect societies ?
how do you think is the new normal going to look like in after covid days to come,How is the covid affect societies ?
will the chinese government be held accountable in any way for the covid virus epidemic,How is the covid affect societies ?
how has covid affected your everyday life,How is the covid affect societies ?
how do you see china after the outbreak of covid,How is the covid affect societies ?
how covid will change the world,How is the covid affect societies ?
what will be some unexpected outcomes of the 2020 covid pandemic,How is the covid affect societies ?
who is covid patient 0,Where is the origin of the covid virus ?
was covid released on purpose,Where is the origin of the covid virus ?
did covid come from bats,Where is the origin of the covid virus ?
where covid come from,Where is the origin of the covid virus ?
did covid come from pangolin,Where is the origin of the covid virus ?
was covid weaponized,Where is the origin of the covid virus ?
where covid really come from,Where is the origin of the covid virus ?
is covid bioterrorism,Where is the origin of the covid virus ?
what is a natural reservoir of covid,Where is the origin of the covid virus ?
where covid originated,Where is the origin of the covid virus ?
where covid came from,Where is the origin of the covid virus ?
was covid man made,Where is the origin of the covid virus ?
did covid escape from a research lab,Where is the origin of the covid virus ?
did covid come from a lab,Where is the origin of the covid virus ?
did covid start with a bat,Where is the origin of the covid virus ?
is our destruction of nature responsible for covid,Where is the origin of the covid virus ?
where covid originate,Where is the origin of the covid virus ?
did covid start with bats,Where is the origin of the covid virus ?
if covid wasnt engineered how did it develop,Where is the origin of the covid virus ?
what is the true origin of the covid virus and is the wuhan bat snacking hypothesis credible,Where is the origin of the covid virus ?
what disinfectants kill the covid virus,How can I protect myself from a covid infection ?
will covid vaccines be effective since a recovered person can contract the virus again,How can I protect myself from a covid infection ?
should i use a mask,How can I protect myself from a covid infection ?
how can i make sure to not get affected with the novel covid virus,How can I protect myself from a covid infection ?
what materials are you using to make homemade face masks for covid,How can I protect myself from a covid infection ?
can hydrogen peroxide kill the covid virus,How can I protect myself from a covid infection ?
how can i protect my child from a covid infection,How can I protect myself from a covid infection ?
should i purchase personal protective equipment for me and my family,How can I protect myself from a covid infection ?
can i use vodka as hand sanitizer,How can I protect myself from a covid infection ?
should i get a face mask,How can I protect myself from a covid infection ?
do masks help prevent the spread of covid,How can I protect myself from a covid infection ?
how are you avoiding gaining the covid,How can I protect myself from a covid infection ?
what company will produce the vaccine for covid,How can I protect myself from a covid infection ?
if novel covid antibodies may or may not offer long term immunity how would a vaccine help,How can I protect myself from a covid infection ?
is public transport best avoided given the covid outbreak,How can I protect myself from a covid infection ?
should i wear a mask to protect myself,How can I protect myself from a covid infection ?
if the h1n1 vaccine was developed so quickly why does the covid vaccine take so much time,How can I protect myself from a covid infection ?
should i wear a facemask,How can I protect myself from a covid infection ?
how do i keep safe from covid,How can I protect myself from a covid infection ?
how do i stop covid,How can I protect myself from a covid infection ?
why is it being advised to not take ibuprofen if one has covid,What are treatments of covid ?
what is the effect of chloroquine(cq) and hydroxychloroquine(hcq) on endosomal maturation and endocytosis in covid treatment,What are treatments of covid ?
should covid patients be intubated,What are treatments of covid ?
is there any cure for covid,What are treatments of covid ?
do chloroquine and azithromycin really work to handle severe cases of covid,What are treatments of covid ?
evidence of hydroxychloroquine(hcq) being anti inflammatory in covid critically ill patients with elevated plasma cytokines,What are treatments of covid ?
how should you treat the covid at home,What are treatments of covid ?
should i spray myself or my kids with disinfectant,What are treatments of covid ?
will a pneumonia or flu vaccine help protect against covid,What are treatments of covid ?
who will find the cure against the covid,What are treatments of covid ?
should covid patients take ibuprofen,What are treatments of covid ?
why is quinine effective in curing covid,What are treatments of covid ?
can quinine be taken to fight this covid virus,What are treatments of covid ?
should covid patients avoid ibuprofen,What are treatments of covid ?
who do you believe about using hydroxychloroquine to treat covid,What are treatments of covid ?
do covid patients on ventilators recover,What are treatments of covid ?
what is trumps motivation for promoting hydroxychloroquine as a covid treatment,What are treatments of covid ?
why wouldnt tamiflu help against covid,What are treatments of covid ?
why should you not take advil during the covid pandemic,What are treatments of covid ?
what is hydroxylchloroquine and is it effective in the treatment of covid,What are treatments of covid ?
why covid testing,Testing knowledge of covid .
is it imperative to be tested for covid,Testing knowledge of covid .
should i be tested for covid,Testing knowledge of covid .
are covid tests reliable,Testing knowledge of covid .
what type of test was initially developed to screen for covid,Testing knowledge of covid .
what could be the implication of covid virus in anal swabs,Testing knowledge of covid .
when to get tested for covid,Testing knowledge of covid .
why cant we just test everyone in the us,Testing knowledge of covid .
in addition to oral swabs which tests detected the presence of covid virus,Testing knowledge of covid .
should i get my pet tested for covid,Testing knowledge of covid .
which covid test is more accurate,Testing knowledge of covid .
what kind of test is being used to diagnose if i have covid,Testing knowledge of covid .
if antibody tests are not used for diagnosis or exclusion of covid infection what is their purpose,Testing knowledge of covid .
what is the relationship between the presence of virus in anal swabs and disease severity in covid,Testing knowledge of covid .
how covid test is done,Testing knowledge of covid .
why covid testing is important,Testing knowledge of covid .
how do testing kits for covid detect the virus,Testing knowledge of covid .
is there a test for covid,Testing knowledge of covid .
why are we still not testing everyone for covid,Testing knowledge of covid .
which covid antibody tests are accurate,Testing knowledge of covid .
what is the difference between seasonal flu and covid,What is the difference between covid and other diseases ?
why worry about covid when the flu kills so many people,What is the difference between covid and other diseases ?
which covid is sars,What is the difference between covid and other diseases ?
how do i know if it is covid or just the common flu,What is the difference between covid and other diseases ?
is covid the black death of the 21st century,What is the difference between covid and other diseases ?
why covid is not the flu,What is the difference between covid and other diseases ?
is covid worse than flu,What is the difference between covid and other diseases ?
was there a covid 18 before covid,What is the difference between covid and other diseases ?
is covid worse than the flu,What is the difference between covid and other diseases ?
what happened to covid 1 18 and will there be a covid 20,What is the difference between covid and other diseases ?
why covid is worse than flu,What is the difference between covid and other diseases ?
has covid been around for a while,What is the difference between covid and other diseases ?
why is covid nothing like the flu,What is the difference between covid and other diseases ?
is the covid pandemic comparable to the black death pandemic,What is the difference between covid and other diseases ?
has covid always existed,What is the difference between covid and other diseases ?
why covid is different than the flu,What is the difference between covid and other diseases ?
did covid exist years before scientists discovered it,What is the difference between covid and other diseases ?
has covid been in humans for years,What is the difference between covid and other diseases ?
whats the difference between covid and sars cov 2,What is the difference between covid and other diseases ?
how can we distinguish covid from flu as a patient,What is the difference between covid and other diseases ?
how can i make quick cash during the covid pandemic,How covid affects the economic ?
which sectors would create jobs following the covid pandemic,How covid affects the economic ?
is china gaining from the covid pandemic economically,How covid affects the economic ?
what investment strategies will be promising after the covid outbreak ends,How covid affects the economic ?
is it the right time to invest in the stock market as the market is unstable due to the covid fear,How covid affects the economic ?
will real estate prices go down with the covid panic,How covid affects the economic ?
how can i save money when i am working from home because of covid,How covid affects the economic ?
what damage to the economy will covid cause,How covid affects the economic ?
which stocks should i buy during the covid outbreak,How covid affects the economic ?
how will covid affect the financial market,How covid affects the economic ?
how is covid affecting peoples personal finance,How covid affects the economic ?
which is the best business to start amidst covid,How covid affects the economic ?
will covid trigger a global recession,How covid affects the economic ?
where should we invest after covid ends,How covid affects the economic ?
why are stock markets dipping in response to covid,How covid affects the economic ?
will there be a lot of layoffs in the tech industry due to the covid pandemic,How covid affects the economic ?
can you make money online during covid country lockdown,How covid affects the economic ?
how has covid affected cryptocurrencies,How covid affects the economic ?
which industries are likely to flourish during the covid pandemic,How covid affects the economic ?
what is it that is making the stock market even better amid the covid pandemic,How covid affects the economic ?
which covid symptom is first,What is the symptoms of covid ?
what are the early symptoms of the covid,What is the symptoms of covid ?
which covid symptoms appear first,What is the symptoms of covid ?
are covid symptoms sudden,What is the symptoms of covid ?
what covid feels like,What is the symptoms of covid ?
do covid symptoms come on quickly,What is the symptoms of covid ?
do covid symptoms come on suddenly,What is the symptoms of covid ?
what illness is caused by the covid covid,What is the symptoms of covid ?
what covid symptoms,What is the symptoms of covid ?
what are the symptoms of covid 2019,What is the symptoms of covid ?
do covid symptoms come and go,What is the symptoms of covid ?
what are the symptoms and complications that covid can cause,What is the symptoms of covid ?
have covid with no symptoms,What is the symptoms of covid ?
does covid have any neurological symptoms,What is the symptoms of covid ?
is it possible to have covid without any symptoms at all,What is the symptoms of covid ?
is it true young people with covid are also having blood clots and strokes,What is the symptoms of covid ?
what are the most common symptoms of covid,What is the symptoms of covid ?
do covid symptoms come on fast,What is the symptoms of covid ?
what is the name of the disease caused buy covid,What is the symptoms of covid ?
who covid symptoms,What is the symptoms of covid ?
which covid symptoms lead to death,Having COVID
why are some people asymptomatic while others can be highly symptomatic with the covid,Having COVID
does covid cause permanent lung damage,Having COVID
had covid and recovered,Having COVID
what covid does to your body,Having COVID
if infected with covid can you survive it and recover,Having COVID
how long does it take to recover,Having COVID
does covid go away,Having COVID
will covid kill me,Having COVID
what covid do,Having COVID
why are so many people who get the covid asymptomatic,Having COVID
how covid attacks the body,Having COVID
does covid cause irreversible damage to the respiratory system,Having COVID
how long is the incubation period for covid,Having COVID
for how long do people stay infected with covid,Having COVID
is covid deadly,Having COVID
what lasting health impact will covid have on those who recover from covid,Having COVID
can old people with covid survive,Having COVID
what covid does to the body,Having COVID
how does the covid virus cause death in the infected patient,Having COVID
what would you do if you found out you had covid,What would you if you found out you or other had covid ?
what are your tips for staying productive while staying home during the covid pandemic,What would you if you found out you or other had covid ?
how do we cope with stress during covid,What would you if you found out you or other had covid ?
what do i do if i think im sick,What would you if you found out you or other had covid ?
have you changed any of your plans due to covid,What would you if you found out you or other had covid ?
what can i do if my loved one suspects they have covid,What would you if you found out you or other had covid ?
why are so many people not taking the covid threat seriously,What would you if you found out you or other had covid ?
how are you using the sudden surplus of time you have due to the covid social distancing and closures,What would you if you found out you or other had covid ?
what are you doing to spend time while staying home due to covid,What would you if you found out you or other had covid ?
what is the one thing you want to do when covid is over,What would you if you found out you or other had covid ?
why are people visiting the beaches during the covid crisis,What would you if you found out you or other had covid ?
why are the naysayers saying the covid isnt real,What would you if you found out you or other had covid ?
whats something youve enjoyed since covid quarantining,What would you if you found out you or other had covid ?
how are you planning to spend the next 21 curfew days due to covid,What would you if you found out you or other had covid ?
should i cancel my trip,What would you if you found out you or other had covid ?
what should i do if someone in my house gets sick with covid,What would you if you found out you or other had covid ?
would you consider getting a vaccine for covid,What would you if you found out you or other had covid ?
will you take a mandatory covid vaccine,What would you if you found out you or other had covid ?
are covid hoax hypotheses a form of denial based coping,What would you if you found out you or other had covid ?
what should you do if you suspect you have covid,What would you if you found out you or other had covid ?
is it possible for covid to come again,Speculation on the impact of COVID-19 .
can covid return after lockdown is lifted,Speculation on the impact of COVID-19 .
what are the chances that covid will hit again,Speculation on the impact of COVID-19 .
in what ways can covid infect medical staff,How covid spread ?
is it possible to be infected by an asymptomatic person,How covid spread ?
can contacts put me at risk for covid,How covid spread ?
are contacts likely to spread covid,How covid spread ?
is it better to wear glasses than contacts,How covid spread ?
how are medical workers being infected,How covid spread ?
will mosquitoes give me covid,How covid spread ?
is it possible to get covid from someone who died of covid,How covid spread ?
is it possible for water to transmit covid,How covid spread ?
is it possible for kids to get covid,How covid spread ?
is it dangerous to get donated blood,How covid spread ?
will i get covid if i go to the store,How covid spread ?
am i more likely to get covid from contacts,How covid spread ?
can covid spread through water,How covid spread ?
will i get covid by being near someone who recovered from covid,How covid spread ?
is it okay to go buy groceries,How covid spread ?
can covid be transmitted after death,How covid spread ?
what is the relationship between age and risk of covid,How covid spread ?
what is the relationship between blood type and risk of covid infection,How covid spread ?
are recovered covid patients still contagious,How covid spread ?
if i have recovered from covid will i be immune to it,How covid spread ?
for what reasons are hospital workers being exposed to covid,How covid spread ?
how are blood donors being screened,How covid spread ?
can i get infected from donated blood,How covid spread ?
can i get covid from water,How covid spread ?
is it possible for animals in the wilderness to carry covid,How covid spread ?
should i be concerned about a wild animal giving me covid,How covid spread ?
how likely am i to get covid from mosquitoes,How covid spread ?
is it possible to get covid from mosquitoes,How covid spread ?
are dead covid patients still contagious,How covid spread ?
do recovered covid patients infect people,How covid spread ?
will i get covid from a wild animal,How covid spread ?
do certain blood types have less chance of getting covid,How covid spread ?
could covid potentially be transmitted through water,How covid spread ?
is it risky to be near wild animals,How covid spread ?
is it possible for donated blood to spread covid,How covid spread ?
how is covid infecting medical worekrs,How covid spread ?
is it safe to go shopping,How covid spread ?
can i be infected by someone who recovered from covid,How covid spread ?
is it risky to receive donated blood,How covid spread ?
can a dead covid patient infect me,How covid spread ?
is there a reason that covid is called a pandemic now,Nomenclature about covid virus ?
what is a covid,Nomenclature about covid virus ?
what does it mean that covid is novel,Nomenclature about covid virus ?
what is a pandemic,Nomenclature about covid virus ?
why is covid a pandemic,Nomenclature about covid virus ?
is covid supposed to be uppercase,Nomenclature about covid virus ?
is there a difference between covid being an epidemic and a pandemic,Nomenclature about covid virus ?
what is the scientifically accurate way to write covid,Nomenclature about covid virus ?
when would covid be considered a pandemic,Nomenclature about covid virus ?
am i wrong to capitalize covid,Nomenclature about covid virus ?
how is the novel covid different,Nomenclature about covid virus ?
what is the most reliable covid model right now,Tell me some report of covid virus .
have our efforts against covid helped,Tell me some report of covid virus .
which covid model should be used,Tell me some report of covid virus .
what is the predicted number of deaths due to covid,Tell me some report of covid virus .
whats the best covid model,Tell me some report of covid virus .
am i guaranteed to die if i have covid,Tell me some report of covid virus .
what is the current number of deaths due to covid,Tell me some report of covid virus .
could china be misleading us,Tell me some report of covid virus .
have we made progress in the fight against covid,Tell me some report of covid virus .
how many deaths will covid ultimately cause,Tell me some report of covid virus .
which covid model can we trust,Tell me some report of covid virus .
when did we learn the sequence of covid,Some response from the societies
what strategies did china use to stop covid,Some response from the societies
why have so many people died from covid in the us,Some response from the societies
how long was the delay between noticing covid and getting its genome,Some response from the societies
why does the us have so many infections,Some response from the societies
how should medical centers respond to a covid patient,Some response from the societies
was trump serious when suggesting to fight covid with disinfectant injections,Some response from the societies
how long was needed to get covids full genome sequence,Some response from the societies
how come the us is hit so bad by covid,Some response from the societies
for what reasons is the us handling the pandemic so poorly,Some response from the societies
how are hospitals dealing with covid,Some response from the societies
do hospitals have special steps for covid patients,Some response from the societies
how was china able to control covid so well,Some response from the societies
are there any specific procedures for hospitals to follow,Some response from the societies
when he suggested that injecting disinfectant could cure covid was trump joking,Some response from the societies
what was the time needed to get the full sequence of covid,Some response from the societies
is trump to blame for the covid outbreak,How is the covid affect societies ?
can we blame trump for covid,How is the covid affect societies ?
what would be the best way to hold china accountable for covid,How is the covid affect societies ?
is my child still able to learn while in lockdown,How is the covid affect societies ?
is the world going to end because of covid,How is the covid affect societies ?
what steps should i take to ensure my child keeps learning,How is the covid affect societies ?
what will the effects of covid be on the election,How is the covid affect societies ?
will the presidential election be affected by covid,How is the covid affect societies ?
if school is cancelled how will my kid learn,How is the covid affect societies ?
is covid the end of humanity,How is the covid affect societies ?
in what ways have people been affected by covid,How is the covid affect societies ?
is there any way to penalize china for covid,How is the covid affect societies ?
could covid kill all humans,How is the covid affect societies ?
how can i make sure my child continues to get their education,How is the covid affect societies ?
how long ago was covid first found,Where is the origin of the covid virus ?
what is the start date of covid,Where is the origin of the covid virus ?
how covid began,Where is the origin of the covid virus ?
how did covid begin,Where is the origin of the covid virus ?
where was covid found,Where is the origin of the covid virus ?
how did covid come to be,Where is the origin of the covid virus ?
how did covid get started,Where is the origin of the covid virus ?
are there ways other than hand sanitizer and soap to kill covid,How can I protect myself from a covid infection ?
are there any recommended products for disinfecting covid,How can I protect myself from a covid infection ?
is it possible to disinfect surfaces with alternative disinfection methods,How can I protect myself from a covid infection ?
am i allowed to go out,How can I protect myself from a covid infection ?
can i still go to work,How can I protect myself from a covid infection ?
will alternative disinfection work against covid,How can I protect myself from a covid infection ?
other than hand sanitizer how can i protect myself from covid,How can I protect myself from a covid infection ?
how is covid prevented,How can I protect myself from a covid infection ?
is there a way to not get covid,How can I protect myself from a covid infection ?
which face mask protects me from covid,How can I protect myself from a covid infection ?
what is taking so long to develop a vaccine for covid,How can I protect myself from a covid infection ?
what type of facemask should i use,How can I protect myself from a covid infection ?
what should i do to stop my kids from getting covid,How can I protect myself from a covid infection ?
can i use radiation to kill covid,How can I protect myself from a covid infection ?
are there any recommended ways to protect children from covid,How can I protect myself from a covid infection ?
how can i best kill covid,How can I protect myself from a covid infection ?
is there a way to kill covid without hand sanitizer,How can I protect myself from a covid infection ?
is there a specific mask i should use to prevent covid,How can I protect myself from a covid infection ?
is it still safe to work,How can I protect myself from a covid infection ?
how do i disinfect if i dont have hand sanitizer,How can I protect myself from a covid infection ?
how should parents keep children safe,How can I protect myself from a covid infection ?
is it risky to continue going to work,How can I protect myself from a covid infection ?
how do i know if i should stop going to work,How can I protect myself from a covid infection ?
at what point should i stop going to work,How can I protect myself from a covid infection ?
should i get out of the house,How can I protect myself from a covid infection ?
can i kill covid without hand sanitizer,How can I protect myself from a covid infection ?
is there anything i can use to kill covid,How can I protect myself from a covid infection ?
will i get covid if i go outside,How can I protect myself from a covid infection ?
what is the most effective way to kill covid,How can I protect myself from a covid infection ?
how is there still not a vaccine or cure for covid,How can I protect myself from a covid infection ?
is it risky to leave my house to exercise,How can I protect myself from a covid infection ?
what is the best way to make sure my child wont get infected,How can I protect myself from a covid infection ?
how can families get ready for lockdown,How can I protect myself from a covid infection ?
is diy hand sanitizer useful,How can I protect myself from a covid infection ?
has someone made a vaccine for covid yet,How can I protect myself from a covid infection ?
can homemade hand sanitizer replace real hand sanitizer,How can I protect myself from a covid infection ?
are we still waiting for a vaccine for covid,How can I protect myself from a covid infection ?
how should people in the same house get ready for covid,How can I protect myself from a covid infection ?
is there anything i can do to help my family prepare for covid,How can I protect myself from a covid infection ?
what can i do to prepare my family for a covid outbreak,How can I protect myself from a covid infection ?
is covid curable,What are treatments of covid ?
is covid weak to antibiotics,What are treatments of covid ?
could plasma be a treatment for covid,What are treatments of covid ?
is covid survivable without ventilators,What are treatments of covid ?
is it safe for covid patients to take ibuprofen,What are treatments of covid ?
do you need help breathing if you have covid,What are treatments of covid ?
can disinfectant sprays cure me if i have covid,What are treatments of covid ?
is there a way to get rid of covid after being infected,What are treatments of covid ?
can covid be treated with antibiotics,What are treatments of covid ?
has a treatment been released to treat covid,What are treatments of covid ?
can covid be treated with ibuprofen,What are treatments of covid ?
is it possible to cure covid,What are treatments of covid ?
is there a treatment for covid yet,What are treatments of covid ?
should i ingest disinfectant to cure covid,What are treatments of covid ?
can i use ibuprofen if i have covid,What are treatments of covid ?
how can covid patients be treated,What are treatments of covid ?
will ibuprofen have adverse effects on covid patients,What are treatments of covid ?
was plasma successful in treating covid patients,What are treatments of covid ?
can antibiotics kill covid,What are treatments of covid ?
is it true that i can get rid of covid by drinking cleaners,What are treatments of covid ?
will pets be tested for covid,Testing knowledge of covid .
do i need to get tested,Testing knowledge of covid .
can case severity be predicted based on anal swabs,Testing knowledge of covid .
is there a fee to be tested for covid,Testing knowledge of covid .
do i have to pay to get tested for covid,Testing knowledge of covid .
why are we testing for covid,Testing knowledge of covid .
how do i know if i need to be tested,Testing knowledge of covid .
can i test my pet for covid,Testing knowledge of covid .
have anal swab tests been linked with case severity,Testing knowledge of covid .
do covid tests help,Testing knowledge of covid .
does the presence of covid in anal swabs determine how severe it is,Testing knowledge of covid .
how much does a covid test cost,Testing knowledge of covid .
are covid tests being used on pets,Testing knowledge of covid .
can i test myself for covid just in case,Testing knowledge of covid .
is there a correlation between severity and anal swab tests,Testing knowledge of covid .
are there requirements to be tested,Testing knowledge of covid .
what is the point of testing people for covid,Testing knowledge of covid .
am i able to test my pet for covid,Testing knowledge of covid .
will i be charged for a covid test,Testing knowledge of covid .
how can i tell if i have the flu or covid,What is the difference between covid and other diseases ?
what is the relation between sars cov and covid,What is the difference between covid and other diseases ?
what are the differences between influenza and covid,What is the difference between covid and other diseases ?
what makes covid particularly dangerous,What is the difference between covid and other diseases ?
what makes covid more dangerous than sars,What is the difference between covid and other diseases ?
are there ways to tell if its covid or flu,What is the difference between covid and other diseases ?
are there covids before this one,What is the difference between covid and other diseases ?
how is covid dangerous,What is the difference between covid and other diseases ?
how can we distinguish between covid and the flu,What is the difference between covid and other diseases ?
how long has covid existed,What is the difference between covid and other diseases ?
is sars and covid the same thing,What is the difference between covid and other diseases ?
are sars cov and covid related,What is the difference between covid and other diseases ?
was covid preceded by covid 18,What is the difference between covid and other diseases ?
how does covid differ from the flu,What is the difference between covid and other diseases ?
is there any way to tell between covid and flu,What is the difference between covid and other diseases ?
which stocks are the most profitable during covid,How covid affects the economic ?
what is the reasoning behind covid affecting the stock market,How covid affects the economic ?
for what reason is the stock market affected by covid,How covid affects the economic ?
will i be able to make money by buying stocks,How covid affects the economic ?
in what ways has the it industry been affected by covid,How covid affects the economic ?
how has covid affected the it industry,How covid affects the economic ?
can covid cause secondary illnesses,What is the symptoms of covid ?
how quickly will symptoms of covid appear,What is the symptoms of covid ?
if i have covid will i have a stroke,What is the symptoms of covid ?
can you have a stroke because of covid,What is the symptoms of covid ?
is it possible to get a stroke from covid,What is the symptoms of covid ?
is there a predictable initial symptom of covid,What is the symptoms of covid ?
what are the beginning symptoms for covid,What is the symptoms of covid ?
are there other illnesses that result from covid,What is the symptoms of covid ?
what other disease will covid result in,What is the symptoms of covid ?
how do covid symptom start,What is the symptoms of covid ?
which disease does covid cause,What is the symptoms of covid ?
do covid patients get strokes,What is the symptoms of covid ?
can you have two viruses at once,Having COVID
what are the ways that covid can kill people,Having COVID
do we know how long covid incubates,Having COVID
what is the maximum time that someone can have covid without symptoms,Having COVID
will covid result in permanent damage,Having COVID
how does covid cause death,Having COVID
how long does it take for infected people to show symptoms,Having COVID
what is covids incubation period,Having COVID
will having the flu prevent me from getting covid,Having COVID
am i at risk for covid if i have the flu,Having COVID
can you get covid if you already have the flu,Having COVID
are there any permanent effects of covid,Having COVID
how risky is it to go on vacation,What would you if you found out you or other had covid ?
how can i stay safe if someone i live with gets covid,What would you if you found out you or other had covid ?
are there any steps that suspected covid patients should take,What would you if you found out you or other had covid ?
can i still travel,What would you if you found out you or other had covid ?
will i get covid if i go on a trip,What would you if you found out you or other had covid ?
if a family member gets sick from covid what do i do,What would you if you found out you or other had covid ?
are there any steps i should take if i think someone i live with has covid,What would you if you found out you or other had covid ?
is it safe to go on vacation,What would you if you found out you or other had covid ?
what are the procedures that i should take if i think i have covid,What would you if you found out you or other had covid ?
what is the best way to deal with stress during lockdown,What would you if you found out you or other had covid ?
